id;user_id;status;name
1;83832;Bypass;Plastic Movies
2;7535;New Taiwan Dollar Zimbabwe parse;Monaco input Accounts
3;84964;Ergonomic Falls;User-friendly
4;27473;white SMTP;Checking Account global Steel
5;67157;Kyrgyz Republic transmit;solution connecting
6;96797;Refined redundant;Granite Grocery
7;75513;Credit Card Account transmitter cyan;Checking Account
8;98046;Home Loan Account withdrawal;partnerships International
9;34825;Berkshire solid state;middleware Switzerland
10;69764;back-end Via indexing;Business-focused Canyon Orchestrator
