id;access_id;status;access;description
1;4522;software scale interactive;Louisiana Specialist Home Loan Account;Plastic
2;80219;Small;deliverables reinvent 24 hour;overriding
3;70685;application quantify Unbranded Plastic Tuna;Internal;Investment Account archive Fantastic Plastic Chicken
4;32518;pixel withdrawal;Mississippi embrace Developer;synthesize Idaho compress
5;49379;Poland;Small partnerships;Outdoors
6;63641;knowledge base Buckinghamshire;Concrete Investment Account Saint Lucia;User-centric
7;7697;neutral Salad;Auto Loan Account modular Refined;digital maroon
8;89255;Ghana back-end National;Direct;Profit-focused
9;42710;copying;ability Hat Iraq;magenta Concrete
10;33761;Directives;sky blue;Kenyan Shilling robust
