id;person_id;person_description;person_contact
1;37487;asymmetric EXE;web services
2;80210;Strategist;Incredible Fresh Car Tuvalu
3;99296;Gorgeous Rubber Chicken Associate Central African Republic;magenta heuristic
4;99583;Naira iterate;Unbranded Plastic Chips Brand Regional
5;45565;Money Market Account;Mouse
6;64684;facilitate Persevering;Fantastic
7;97439;Architect;Beauty dynamic schemas
8;60278;clear-thinking Frozen Licensed;Group hard drive Personal Loan Account
9;41824;Accountability;Aruba Chair portals
10;77760;Ways Liaison engage;disintermediate Assistant generating
